feature,mean_importance
feature_1,0.08520152261783986
feature_3,0.23477674181773073
feature_2,5.161539086758097
