feature,mean_importance
feature_1,0.1214986563409356
feature_3,0.2442498900058132
feature_2,5.216017251391104
