feature,mean_importance
feature_3,0.05458893297880998
feature_1,0.0938308899240395
feature_2,3.1624591035979996
