feature,mean_importance
feature_3,0.05116280947508013
feature_1,0.10105396283791693
feature_2,3.19904566141127
