feature,mean_importance
feature_3,0.027772069551650597
feature_1,0.09502014435843689
feature_2,2.5172646537917003
