feature,mean_importance
feature_2,0.00048251884893732374
feature_4,0.035285204764118464
feature_1,0.6997438554629977
feature_3,2.283725572424097
