feature,mean_importance
feature_2,0.0011080072953170053
feature_4,0.02752503575410712
feature_1,0.6062459188281484
feature_3,2.0387487430911984
