feature,mean_importance
feature_2,0.0031545405407102252
feature_4,0.03816776430130399
feature_1,0.8399023363611061
feature_3,2.911046490573744
