feature,mean_importance
feature_2,0.0008716400034676095
feature_4,0.021813497704255246
feature_1,0.4702349650744357
feature_3,1.5897881354917311
