feature,mean_importance
feature_2,0.0003708028846968872
feature_4,0.01369603604230224
feature_1,0.3681669676171332
feature_3,1.1888138534082306
