feature,mean_importance
feature_2,0.0020857275180234864
feature_4,0.024281679677383858
feature_1,0.44033557137885726
feature_3,1.4894904225721777
