feature,mean_importance
feature_2,0.00012366093333898291
feature_4,0.025575140020216193
feature_1,0.4716519945160977
feature_3,1.529346344961675
