feature,mean_importance
feature_2,0.0015417862388208275
feature_4,0.02635895651136398
feature_1,1.003297151679378
feature_3,3.158909237302587
