feature,mean_importance
feature_2,0.00024625653869801977
feature_4,0.004497724070194142
feature_1,0.10986123461924832
feature_3,0.3795875309974245
