feature,mean_importance
feature_2,0.0015774895831975728
feature_4,0.04077859039276875
feature_1,1.1093497168551234
feature_3,3.7880756775092053
