feature,mean_importance
feature_2,0.0016756838820624561
feature_4,0.043116593464725565
feature_1,1.1690543685847061
feature_3,3.305292381878241
