feature,mean_importance
feature_2,0.002971147565473126
feature_4,0.031125693973462397
feature_1,0.8794825891630771
feature_3,3.0661357731011067
