feature,mean_importance
feature_1,0.02542850685362738
feature_3,2.18953113965003
feature_2,8.518904737223668
