feature,mean_importance
feature_1,0.029415874426808375
feature_3,1.9598744899940157
feature_2,8.269606359138768
