feature,mean_importance
feature_1,0.029529476854991122
feature_3,2.2014251709166963
feature_2,8.577171267389554
