feature,mean_importance
feature_1,0.03424877175014962
feature_3,2.0651646045456227
feature_2,8.47894103851667
