feature,mean_importance
feature_1,0.02711835007087323
feature_3,2.120317874180728
feature_2,8.57592851885494
