feature,mean_importance
feature_2,0.000466239997987683
feature_4,0.02325973995067457
feature_1,0.2859772501115277
feature_3,0.9379838589423353
