feature,mean_importance
feature_2,0.0018335089474820967
feature_4,0.050354182235953004
feature_1,0.7156272428273589
feature_3,2.4757629886415096
