feature,mean_importance
feature_2,0.00048507523016026244
feature_4,0.041048571218906135
feature_1,0.46495381810469444
feature_3,1.491949234637516
