feature,mean_importance
feature_2,0.0011669372749353777
feature_4,0.04438992733463848
feature_1,0.5582589667839659
feature_3,1.9404378824886113
