feature,mean_importance
feature_2,0.0003850010403208339
feature_4,0.03308438964932687
feature_1,0.4137525624697287
feature_3,1.3865051473612513
