feature,mean_importance
feature_2,0.0019163041556575686
feature_4,0.03729343239220807
feature_1,0.5504170935414082
feature_3,0.666932359205864
