feature,mean_importance
feature_2,0.0015427240411677173
feature_4,0.04596743778878442
feature_1,0.5642386887983296
feature_3,0.6817213742861383
