feature,mean_importance
feature_2,0.0019037155286892535
feature_4,0.06028337417013992
feature_1,0.5939935867796446
feature_3,0.609037705086179
