feature,mean_importance
feature_2,0.0016093403721157977
feature_4,0.044317482793913864
feature_1,0.5531102641185452
feature_3,0.6388940358142473
