feature,mean_importance
feature_2,0.001285969846267995
feature_4,0.05446841571400192
feature_1,0.5614257555779444
feature_3,0.6136883330229392
