feature,mean_importance
feature_2,0.004454226726242791
feature_4,0.04366665009596653
feature_1,0.7605494845941176
feature_3,2.5733775209876604
