feature,mean_importance
feature_2,0.0006412918930687683
feature_4,0.01711937907628002
feature_1,0.46068394272236235
feature_3,1.469219350908372
