feature,mean_importance
feature_2,0.0016668198870394251
feature_4,0.029634195487083126
feature_1,0.6136273273905284
feature_3,2.0462560115729036
