feature,mean_importance
feature_2,0.004758896120199312
feature_4,0.07042742816060603
feature_1,0.6738517871613808
feature_3,0.6939018122902588
