feature,mean_importance
feature_2,0.003723998610663417
feature_4,0.07498371950972149
feature_3,0.690221660987994
feature_1,0.6943998286856603
