feature,mean_importance
feature_2,0.001633738044756805
feature_4,0.07663985423951175
feature_1,0.8617515813977981
feature_3,0.8882801965658851
