feature,mean_importance
feature_2,0.005418318294639946
feature_4,0.08858625656913058
feature_1,0.5016368588572849
feature_3,0.576261540399335
