feature,mean_importance
feature_2,0.00341678751152972
feature_4,0.07486639714668998
feature_3,0.8174574543513238
feature_1,0.8747807858446457
