feature,mean_importance
feature_2,0.001978942309389923
feature_4,0.0458725343080468
feature_1,0.948609434265345
feature_3,3.1350553270969206
